{
  "description": "Deltoidal Icositetrahedron \u2014 Catalan solid; net from dmccooey.com/DeltoidalIcositetrahedron.txt (BFS + per-edge fold angles)",
  "polyKey": "deltoidal-icositetrahedron",
  "baseFace": {
    "vertices": [
      [
        -0.9798789609700361,
        1.9473808510784085
      ],
      [
        2.020121039029964,
        0.7047401639591232
      ],
      [
        0.729540305361281,
        -1.4498656235501084
      ],
      [
        -1.7697823834212092,
        -1.2022553914874234
      ]
    ],
    "color": "#9B8FC9"
  },
  "connections": [
    {
      "from": 2,
      "to": 1,
      "fromEdge": [
        0,
        1
      ],
      "toEdge": [
        3,
        0
      ],
      "color": "#B8A9D9",
      "vertices": [
        [
          -1.7697823834212092,
          -1.202255391487423
        ],
        [
          -0.9798789609700358,
          1.947380851078408
        ],
        [
          -3.479201649752526,
          2.1949910831410935
        ],
        [
          -4.76978238342121,
          0.04038529563186266
        ]
      ],
      "foldAngleRad": 2.5637796150281162,
      "foldSign": -1
    },
    {
      "from": 3,
      "to": 1,
      "fromEdge": [
        3,
        0
      ],
      "toEdge": [
        0,
        1
      ],
      "color": "#B8A9D9",
      "vertices": [
        [
          2.0201210390299638,
          0.7047401639591238
        ],
        [
          2.8100244614811367,
          3.8543764065249557
        ],
        [
          0.31070177269864674,
          4.101986638587641
        ],
        [
          -0.9798789609700355,
          1.947380851078408
        ]
      ],
      "foldAngleRad": 1.2683712105602307,
      "foldSign": -1
    },
    {
      "from": 4,
      "to": 1,
      "fromEdge": [
        2,
        3
      ],
      "toEdge": [
        1,
        2
      ],
      "color": "#B8A9D9",
      "vertices": [
        [
          3.7295403053612803,
          -2.692506310669394
        ],
        [
          4.519443727812455,
          0.4571299318964379
        ],
        [
          2.020121039029964,
          0.7047401639591234
        ],
        [
          0.7295403053612801,
          -1.449865623550108
        ]
      ],
      "foldAngleRad": 2.8759220854142846,
      "foldSign": 1
    },
    {
      "from": 5,
      "to": 1,
      "fromEdge": [
        1,
        2
      ],
      "toEdge": [
        2,
        3
      ],
      "color": "#B8A9D9",
      "vertices": [
        [
          -0.06036311708989239,
          -4.599501866115941
        ],
        [
          0.7295403053612808,
          -1.4498656235501084
        ],
        [
          -1.7697823834212094,
          -1.2022553914874232
        ],
        [
          -3.0603631170898926,
          -3.3568611789966547
        ]
      ],
      "foldAngleRad": 3.140592653589793,
      "foldSign": 1
    },
    {
      "from": 6,
      "to": 2,
      "fromEdge": [
        0,
        1
      ],
      "toEdge": [
        3,
        0
      ],
      "color": "#B8A9D9",
      "vertices": [
        [
          -4.76978238342121,
          0.04038529563186266
        ],
        [
          -1.7697823834212096,
          -1.202255391487423
        ],
        [
          -3.060363117089893,
          -3.3568611789966543
        ],
        [
          -5.559685805872383,
          -3.109250946933969
        ]
      ],
      "foldAngleRad": 3.140592653589793,
      "foldSign": 1
    },
    {
      "from": 7,
      "to": 2,
      "fromEdge": [
        1,
        2
      ],
      "toEdge": [
        2,
        3
      ],
      "color": "#B8A9D9",
      "vertices": [
        [
          -6.479201649752526,
          3.4376317702603796
        ],
        [
          -3.479201649752526,
          2.1949910831410935
        ],
        [
          -4.7697823834212105,
          0.04038529563186244
        ],
        [
          -7.2691050722037005,
          0.2879955276945485
        ]
      ],
      "foldAngleRad": 2.934860414455528,
      "foldSign": -1
    },
    {
      "from": 8,
      "to": 2,
      "fromEdge": [
        2,
        3
      ],
      "toEdge": [
        1,
        2
      ],
      "color": "#B8A9D9",
      "vertices": [
        [
          -2.6892982273013524,
          5.3446273257069254
        ],
        [
          0.3107017726986476,
          4.10198663858764
        ],
        [
          -0.9798789609700358,
          1.947380851078408
        ],
        [
          -3.479201649752526,
          2.194991083141093
        ]
      ],
      "foldAngleRad": 2.755258474196041,
      "foldSign": -1
    },
    {
      "from": 9,
      "to": 3,
      "fromEdge": [
        1,
        2
      ],
      "toEdge": [
        2,
        3
      ],
      "color": "#B8A9D9",
      "vertices": [
        [
          -2.6892982273013546,
          5.344627325706924
        ],
        [
          0.31070177269864674,
          4.101986638587641
        ],
        [
          -0.9798789609700351,
          1.9473808510784083
        ],
        [
          -3.4792016497525253,
          2.1949910831410913
        ]
      ],
      "foldAngleRad": 3.140592653589793,
      "foldSign": 1
    },
    {
      "from": 10,
      "to": 3,
      "fromEdge": [
        2,
        3
      ],
      "toEdge": [
        1,
        2
      ],
      "color": "#B8A9D9",
      "vertices": [
        [
          1.1006051951498201,
          7.251622881153472
        ],
        [
          4.10060519514982,
          6.008982194034187
        ],
        [
          2.8100244614811367,
          3.8543764065249553
        ],
        [
          0.31070177269864696,
          4.101986638587641
        ]
      ],
      "foldAngleRad": 2.745804362080988,
      "foldSign": 1
    },
    {
      "from": 11,
      "to": 4,
      "fromEdge": [
        3,
        0
      ],
      "toEdge": [
        0,
        1
      ],
      "color": "#B8A9D9",
      "vertices": [
        [
          4.519443727812455,
          0.45712993189643725
        ],
        [
          7.519443727812455,
          -0.7855107552228487
        ],
        [
          6.22886299414377,
          -2.94011654273208
        ],
        [
          3.7295403053612803,
          -2.692506310669394
        ]
      ],
      "foldAngleRad": 3.140592653589793,
      "foldSign": -1
    },
    {
      "from": 12,
      "to": 5,
      "fromEdge": [
        0,
        1
      ],
      "toEdge": [
        3,
        0
      ],
      "color": "#B8A9D9",
      "vertices": [
        [
          -3.060363117089892,
          -3.3568611789966543
        ],
        [
          -0.060363117089892615,
          -4.599501866115941
        ],
        [
          -1.350943850758576,
          -6.754107653625172
        ],
        [
          -3.8502665395410665,
          -6.506497421562488
        ]
      ],
      "foldAngleRad": 3.140592653589793,
      "foldSign": 1
    },
    {
      "from": 13,
      "to": 6,
      "fromEdge": [
        2,
        3
      ],
      "toEdge": [
        1,
        2
      ],
      "color": "#B8A9D9",
      "vertices": [
        [
          -0.06036311708989395,
          -4.599501866115941
        ],
        [
          0.7295403053612799,
          -1.449865623550109
        ],
        [
          -1.7697823834212099,
          -1.202255391487423
        ],
        [
          -3.060363117089893,
          -3.3568611789966543
        ]
      ],
      "foldAngleRad": 3.140592653589793,
      "foldSign": 1
    },
    {
      "from": 14,
      "to": 6,
      "fromEdge": [
        1,
        2
      ],
      "toEdge": [
        2,
        3
      ],
      "color": "#B8A9D9",