{
  "description": "Pentagonal Icositetrahedron (laevo) \u2014 Catalan solid (dual of LsnubCube); net generated in-repo",
  "polyKey": "pentagonal-icositetrahedron-laevo",
  "baseFace": {
    "vertices": [
      [
        1.444362423130478,
        -0.3941734980258322
      ],
      [
        0.16288535005784874,
        -1.4882956422142073
      ],
      [
        -1.3636300394146001,
        -0.7893731376197832
      ],
      [
        -1.2369915019722235,
        1.4488110470874096
      ],
      [
        0.9933737681984973,
        1.223031230772414
      ]
    ],
    "color": "#9B8FC9"
  },
  "connections": [
    {
      "from": 2,
      "to": 1,
      "fromEdge": [
        4,
        3
      ],
      "toEdge": [
        1,
        0
      ],
      "color": "#B8A9D9",
      "vertices": [
        [
          0.8974699394555756,
          -3.606287909635955
        ],
        [
          2.9807984951751414,
          -2.7784908978254674
        ],
        [
          2.9717860881662546,
          -1.0996041600600304
        ],
        [
          1.4397176724454108,
          -0.39813917535674315
        ],
        [
          0.1628853500578488,
          -1.4882956422142068
        ]
      ],
      "foldAngleRad": 2.7109485152082926,
      "foldSign": -1
    },
    {
      "from": 3,
      "to": 1,
      "fromEdge": [
        4,
        3
      ],
      "toEdge": [
        2,
        1
      ],
      "color": "#B8A9D9",
      "vertices": [
        [
          -2.640462361802162,
          -1.879529604477248
        ],
        [
          -1.9058777724044345,
          -3.9975218718989955
        ],
        [
          0.17745078331512998,
          -3.1697248600885075
        ],
        [
          0.1684383763062441,
          -1.4908381223230702
        ],
        [
          -1.3636300394146001,
          -0.7893731376197832
        ]
      ],
      "foldAngleRad": 3.140592653589793,
      "foldSign": 1
    },
    {
      "from": 4,
      "to": 1,
      "fromEdge": [
        3,
        2
      ],
      "toEdge": [
        4,
        3
      ],
      "color": "#B8A9D9",
      "vertices": [
        [
          -0.40650308383157574,
          4.16013792007403
        ],
        [
          -1.6879801569042057,
          3.0660157758856554
        ],
        [
          -1.2369915019722237,
          1.4488110470874098
        ],
        [
          0.9933737681984973,
          1.2230312307724145
        ],
        [
          1.1200123056408735,
          3.4612154154796073
        ]
      ],
      "foldAngleRad": 2.335769519831862,
      "foldSign": -1
    },
    {
      "from": 5,
      "to": 1,
      "fromEdge": [
        4,
        3
      ],
      "toEdge": [
        3,
        2
      ],
      "color": "#B8A9D9",
      "vertices": [
        [
          -2.7635068914446723,
          2.147733551681834
        ],
        [
          -4.044983964517302,
          1.0536114074934588
        ],
        [
          -3.593995309585321,
          -0.5635933213047877
        ],
        [
          -1.3636300394146004,
          -0.7893731376197832
        ],
        [
          -1.2369915019722235,
          1.4488110470874096
        ]
      ],
      "foldAngleRad": 3.140592653589793,
      "foldSign": 1
    },
    {
      "from": 6,
      "to": 1,
      "fromEdge": [
        3,
        2
      ],
      "toEdge": [
        0,
        4
      ],
      "color": "#B8A9D9",
      "vertices": [
        [
          4.051638072545258,
          0.7207785694702972
        ],
        [
          2.785028295785271,
          2.5704286545553
        ],
        [
          0.9933737681984977,
          1.2230312307724134
        ],
        [
          1.4443624231304775,
          -0.3941734980258323
        ],
        [
          3.1071071233121876,
          -0.6672427515711483
        ]
      ],
      "foldAngleRad": 2.313688303888423,
      "foldSign": -1
    },
    {
      "from": 7,
      "to": 2,
      "fromEdge": [
        4,
        3
      ],
      "toEdge": [
        1,
        0
      ],
      "color": "#B8A9D9",
      "vertices": [
        [
          3.715383084572868,
          -4.896483165247216
        ],
        [
          2.4385507621853053,
          -5.98663963210468
        ],
        [
          0.9064823464644607,
          -5.2851746474013925
        ],
        [
          0.8974699394555752,
          -3.606287909635956
        ],
        [
          2.9807984951751414,
          -2.778490897825468
        ]
      ],
      "foldAngleRad": 3.140592653589793,
      "foldSign": -1
    },
    {
      "from": 8,
      "to": 2,
      "fromEdge": [
        4,
        3
      ],
      "toEdge": [
        2,
        1
      ],
      "color": "#B8A9D9",
      "vertices": [
        [
          4.496235378666893,
          -0.38173152796833154
        ],
        [
          5.78469788418859,
          -1.4581172736884778
        ],
        [
          5.072894100194282,
          -3.583873877095916
        ],
        [
          2.9807984951751423,
          -2.778490897825468
        ],
        [
          2.971786088166255,
          -1.0996041600600304
        ]
      ],
      "foldAngleRad": 3.0924872656880558,
      "foldSign": -1
    },
    {
      "from": 9,
      "to": 3,
      "fromEdge": [
        0,
        4
      ],
      "toEdge": [
        2,
        1
      ],
      "color": "#B8A9D9",
      "vertices": [
        [
          0.17745078331512998,
          -3.1697248600885075
        ],
        [
          0.9120353727128575,
          -5.2877171275102555
        ],
        [
          -0.36479694967470494,
          -6.37787359436772
        ],
        [
          -1.8968653653955498,
          -5.676408609664433
        ],
        [
          -1.9058777724044353,
          -3.9975218718989955
        ]
      ],
      "foldAngleRad": 2.0643584647056343,
      "foldSign": 1
    },
    {
      "from": 10,
      "to": 4,
      "fromEdge": [
        3,
        2
      ],
      "toEdge": [
        4,
        3
      ],
      "color": "#B8A9D9",
      "vertices": [
        [
          3.8013662307435765,
          1.618230870366367
        ],
        [
          2.5198891576709475,
          0.5241087261779915
        ],
        [
          0.9933737681984978,
          1.2230312307724145
        ],
        [
          1.1200123056408735,
          3.4612154154796073
        ],
        [
          3.350377575811595,
          3.235435599164613
        ]
      ],
      "foldAngleRad": 2.8510510845812864,
      "foldSign": -1
    },
    {
      "from": 11,
      "to": 4,
      "fromEdge": [
        3,
        2
      ],
      "toEdge": [
        0,
        4
      ],
      "color": "#B8A9D9",
      "vertices": [
        [
          1.1033756045930934,
          6.560402649449972
        ],
        [
          2.7316077100853446,
          5.0195048674789495
        ],
        [
          1.1200123056408744,
          3.461215415479607
        ],
        [
          -0.40650308383157574,
          4.16013792007403
        ],
        [
          -0.41554827539869765,
          5.845131967459265
        ]
      ],
      "foldAngleRad": 3.140592653589793,
      "foldSign": 1
    },
    {
      "from": 12,
      "to": 4,
      "fromEdge": [
        4,
        3
      ],
      "toEdge": [
        1,
        0
      ],
      "color": "#B8A9D9",
      "vertices": [
        [
          -3.664636027217677,
          4.12353047280208
        ],
        [
          -2.520495091110529,
          6.051339405804208
        ],
        [
          -0.8637770571466875,
          5.779259899659863
        ],
        [
          -0.41114783451664283,
          4.15617224274312
        ],
        [
          -1.6879801569042057,
          3.0660157758856554
        ]
      ],
      "foldAngleRad": 3.140592653589793,
      "foldSign": 1
    },
    {
      "from": 13,
      "to": 5,
      "fromEdge": [
        4,
        3
      ],