{
  "description": "Rhombic Triacontahedron \u2014 Catalan solid; net from dmccooey.com/RhombicTriacontahedron.txt (BFS + per-edge fold angles)",
  "polyKey": "rhombic-triacontahedron",
  "baseFace": {
    "vertices": [
      [
        2.713525491562421,
        0.0
      ],
      [
        0.0,
        -1.6770509831248424
      ],
      [
        -2.713525491562421,
        0.0
      ],
      [
        0.0,
        1.6770509831248424
      ]
    ],
    "color": "#9B8FC9"
  },
  "connections": [
    {
      "from": 2,
      "to": 1,
      "fromEdge": [
        0,
        1
      ],
      "toEdge": [
        3,
        0
      ],
      "color": "#B8A9D9",
      "vertices": [
        [
          0.0,
          1.6770509831248424
        ],
        [
          2.7135254915624216,
          3.3306690738754696e-16
        ],
        [
          5.4270509831248415,
          1.6770509831248432
        ],
        [
          2.7135254915624207,
          3.3541019662496856
        ]
      ],
      "foldAngleRad": 3.140592653589793,
      "foldSign": 1
    },
    {
      "from": 3,
      "to": 1,
      "fromEdge": [
        3,
        0
      ],
      "toEdge": [
        2,
        3
      ],
      "color": "#B8A9D9",
      "vertices": [
        [
          8.881784197001252e-16,
          1.6770509831248424
        ],
        [
          -2.713525491562422,
          3.3541019662496847
        ],
        [
          -5.427050983124843,
          1.6770509831248424
        ],
        [
          -2.713525491562421,
          2.220446049250313e-16
        ]
      ],
      "foldAngleRad": 2.1017466913974214,
      "foldSign": 1
    },
    {
      "from": 4,
      "to": 1,
      "fromEdge": [
        2,
        3
      ],
      "toEdge": [
        1,
        2
      ],
      "color": "#B8A9D9",
      "vertices": [
        [
          -5.427050983124844,
          -1.6770509831248428
        ],
        [
          -2.713525491562421,
          -3.3541019662496847
        ],
        [
          0.0,
          -1.6770509831248424
        ],
        [
          -2.713525491562422,
          -4.440892098500626e-16
        ]
      ],
      "foldAngleRad": 3.140592653589793,
      "foldSign": -1
    },
    {
      "from": 5,
      "to": 1,
      "fromEdge": [
        1,
        2
      ],
      "toEdge": [
        0,
        1
      ],
      "color": "#B8A9D9",
      "vertices": [
        [
          5.427050983124842,
          -1.6770509831248428
        ],
        [
          2.713525491562421,
          -2.220446049250313e-16
        ],
        [
          0.0,
          -1.6770509831248424
        ],
        [
          2.713525491562421,
          -3.3541019662496847
        ]
      ],
      "foldAngleRad": 2.3338701461303453,
      "foldSign": -1
    },
    {
      "from": 6,
      "to": 2,
      "fromEdge": [
        0,
        1
      ],
      "toEdge": [
        3,
        0
      ],
      "color": "#B8A9D9",
      "vertices": [
        [
          2.7135254915624207,
          3.3541019662496856
        ],
        [
          -3.3306690738754696e-16,
          1.6770509831248426
        ],
        [
          -2.7135254915624225,
          3.354101966249684
        ],
        [
          -1.4432899320127035e-15,
          5.031152949374527
        ]
      ],
      "foldAngleRad": 2.662323348873314,
      "foldSign": 1
    },
    {
      "from": 7,
      "to": 2,
      "fromEdge": [
        3,
        0
      ],
      "toEdge": [
        2,
        3
      ],
      "color": "#B8A9D9",
      "vertices": [
        [
          2.7135254915624203,
          3.3541019662496856
        ],
        [
          5.4270509831248415,
          5.031152949374528
        ],
        [
          8.140576474687263,
          3.3541019662496856
        ],
        [
          5.4270509831248415,
          1.6770509831248432
        ]
      ],
      "foldAngleRad": 2.417726659286866,
      "foldSign": 1
    },
    {
      "from": 8,
      "to": 3,
      "fromEdge": [
        3,
        0
      ],
      "toEdge": [
        0,
        1
      ],
      "color": "#B8A9D9",
      "vertices": [
        [
          -2.7135254915624203,
          3.3541019662496847
        ],
        [
          6.661338147750939e-16,
          5.031152949374527
        ],
        [
          2.713525491562422,
          3.3541019662496847
        ],
        [
          8.881784197001252e-16,
          1.6770509831248424
        ]
      ],
      "foldAngleRad": 3.140592653589793,
      "foldSign": 1
    },
    {
      "from": 9,
      "to": 3,
      "fromEdge": [
        0,
        1
      ],
      "toEdge": [
        1,
        2
      ],
      "color": "#B8A9D9",
      "vertices": [
        [
          -2.713525491562422,
          3.3541019662496847
        ],
        [
          -5.427050983124844,
          1.677050983124842
        ],
        [
          -8.140576474687265,
          3.3541019662496847
        ],
        [
          -5.427050983124842,
          5.031152949374528
        ]
      ],
      "foldAngleRad": 3.140592653589793,
      "foldSign": 1
    },
    {
      "from": 10,
      "to": 4,
      "fromEdge": [
        0,
        1
      ],
      "toEdge": [
        1,
        2
      ],
      "color": "#B8A9D9",
      "vertices": [
        [
          -2.713525491562421,
          -3.3541019662496847
        ],
        [
          -6.384369776923548e-17,
          -1.6770509831248424
        ],
        [
          2.713525491562421,
          -3.3541019662496847
        ],
        [
          6.384369776923548e-17,
          -5.031152949374527
        ]
      ],
      "foldAngleRad": 2.6371276836267996,
      "foldSign": -1
    },
    {
      "from": 11,
      "to": 4,
      "fromEdge": [
        3,
        0
      ],
      "toEdge": [
        0,
        1
      ],
      "color": "#B8A9D9",
      "vertices": [
        [
          -2.713525491562422,
          -3.354101966249684
        ],
        [
          -5.427050983124843,
          -5.031152949374527
        ],
        [
          -8.140576474687265,
          -3.3541019662496856
        ],
        [
          -5.427050983124843,
          -1.6770509831248426
        ]
      ],
      "foldAngleRad": 2.169999788830275,
      "foldSign": -1
    },
    {
      "from": 12,
      "to": 5,
      "fromEdge": [
        2,
        3
      ],
      "toEdge": [
        3,
        0
      ],
      "color": "#B8A9D9",
      "vertices": [
        [
          8.140576474687263,
          -3.3541019662496847
        ],
        [
          5.427050983124842,
          -5.031152949374527
        ],
        [
          2.713525491562421,
          -3.3541019662496847
        ],
        [
          5.427050983124842,
          -1.6770509831248426
        ]
      ],
      "foldAngleRad": 0.8903317397401064,
      "foldSign": 1
    },
    {
      "from": 13,
      "to": 5,
      "fromEdge": [
        1,
        2
      ],
      "toEdge": [
        2,
        3
      ],
      "color": "#B8A9D9",
      "vertices": [
        [
          -2.713525491562421,
          -3.3541019662496847
        ],
        [
          0.0,
          -1.6770509831248424
        ],
        [
          2.713525491562421,
          -3.3541019662496847
        ],
        [
          -1.2768739553847097e-16,
          -5.031152949374527
        ]
      ],
      "foldAngleRad": 3.140592653589793,
      "foldSign": -1
    },
    {
      "from": 14,
      "to": 6,
      "fromEdge": [
        1,
        2
      ],
      "toEdge": [
        2,
        3
      ],
      "color": "#B8A9D9",
      "vertices": [
        [
          -5.427050983124844,
          5.031152949374526
        ],
        [
          -2.7135254915624225,
          3.354101966249684
        ],
        [
          -1.3322676295501878e-15,
          5.031152949374527
        ],
        [
          -2.7135254915624225,
          6.708203932499369
        ]
      ],
      "foldAngleRad": 2.3866561219858413,